Exercise,Equipment,Exercise Type,Major Muscle,Minor Muscle,Example,Notes,Modifications
Arnold Press,Dumbbells,Weight,Arms,"Bicep,Shoulders",giphy-2.gif (https://v5.airtableusercontent.com/v3/u/33/33/1726855200000/JQB-qg93vUqjp2kvMQKy7w/JE4mGy_gfYxeKklHxt8ViU5My3Xaw8JCxZ_LiNdGnFFNlhfsxf3GJuh45l6FW1P26qWjSa3xu6GALYFahrFzlCLlRhkHSreurxvFUo74WXU/SEeZn5FAcEGS8RF9Br2UkbgT-6eewpjX0EFB4UYUba0),,
Bicep Curl,"Bar,Dumbbells,Cable","Weight,Machine",Arms,Bicep,3e8b7121-738e-4457-b6d8-fd3a3e04de5a.gif (https://v5.airtableusercontent.com/v3/u/33/33/1726855200000/8R_jDAFp9o3Qler8UUVauQ/j0bq8jXAMtWM0ZPArtdLpSDFO0aZUS7uVPwOOlKApQ6S7ZrYniHmrcFeu3Z_Gii9zu1heTfk9JfK9mITBWb0q63roWm1V5Z6NlbFrUC_0PyzUYuYpcXDne6wgD1-VzGzLgr47ADTAeKTMj5eiPU1Kg/kC8Cx8dD3SD60Hn93tmJ9m1cXTjofUE76aMoJgcYY70),Don't use momentum. Make sure the movement is coming from the bottom half of your arm not your shoulder moving the weight.,
Bicycle Crunch,Body Weight,Weight,Core,,200.gif (https://v5.airtableusercontent.com/v3/u/33/33/1726855200000/pb4a-1RoQjtAHmeDRTKggQ/BMREua9VrEplaUM4c41VLjOOh2qHiBOEyelO1zMxr2lOsOv3cv9ZZXX1EfLPp-IXNhzTRB6jKFH2ZrWWTW8GqiX0xOIpPljFp-pwr4q3BuY/Z9WWKA8bKX8tK_RsXpbwD110-IuViLoIPfxa1wvEPy8),"The lower the ""straight"" leg is to the ground the more challenging this exercise is. ","Easier: Move Slower, Legs higher in the air
Harder: Keep shoulder blades off the ground entire time"
Bounds,Body Weight,"Cardio,Laps","Full Body,Legs","Outer Thigh,Glutes",1ea07303-2e87-4876-8e68-8944edd42173.gif (https://v5.airtableusercontent.com/v3/u/33/33/1726855200000/wEjFYp9SK0PrsnM2rjYd_A/d7z5SMwE4qabIGbq9i_zGB4fsUAVv5fEQQrLO6jEPKiWN0noOyGPdD3qlljygGnOLAaqPT-6YdN1h_4SjbhnPXq1yQ30vPcw_mCLdAx-9VRw2XBQKGHeK-H5UCRyUSkClnpL2zpzjqtmwEXlTbl2NQ/CEn4a_ZJh1BSC82vJ6xU7Fl0V3kIFT2aXxK1xigiXqs),Do laps across the room of these.,"Easier: Don't jump as high/far
Harder: Touch the ground with your opposite hand after each jump"
Box Jumps,Body Weight,Plyo,Full Body,,giphy.gif (https://v5.airtableusercontent.com/v3/u/33/33/1726855200000/KQTk-X7U77CQAunM_W_mTA/K1WdW-TnbilhYlzEgs-ML7Y3M7eKIP3vdyt_1gAyWl_bdPkVOLaHcS0DKbR92PfTWVGCfWZSxy2IY3eI2U_0QN9cA74RHcen4SN53UwIZmo/Cx5mwYYnn3L8tSMa8TNO8To_dST4U0OcA7ULu6T6UPo),"Don't be afraid, you can jump higher than you think. Just try it once.","Easier: Lower the height of the box and work up
Harder: Jump Faster and higher boxes"
Box Toe Touch,Platform,Cardio,Legs,Glutes,workoutanniversarygif9570.gif (https://v5.airtableusercontent.com/v3/u/33/33/1726855200000/YKloO-mCDZDPQL7nnFEOlQ/tUClYo61tmbz1rkwb2W8rdk31IO1K4iTeLxTwqq4lHytx-lX7tFN_OHXIKZ5PCp6rzKV45qVMHPQsXlLPeL5L6zNyRYjn4NRySSdaPuGyU76FehFfUJfQUoM5OLEVafC/6wAn5rT2y0yPd5e09WlpMBHx_TKuFdvJ6YpJiIi4Ztg),,"Easier: Don't use a box, just practice toe touch without
Harder: Increase Speed"
Broad Jump,Body Weight,"Plyo,Laps,Cardio",Legs,Glutes,Broad-Jumps-180-Degree-Twist.gif (https://v5.airtableusercontent.com/v3/u/33/33/1726855200000/Tr19srRDEEwLRXwIWSgwnw/gioVIoq8xaNXIov3gcdj_3XLnmuIfk8msm-NMH2zsgaKOAo5Zzzbvggz606mIOzeB_8jHQHXeBZ-QuMaKtribHDxKulrgiohteZ5wq5Wpk6RU8TGcsdLP7GveF4hLtPc/al5_gVyKwHR5Aci6m0Y2LghNuvRs1gqK_POYDhCeljE),"You can do these for speed, or for distance. Speed = Cardio, Distance/Height = Plyo",
Bulgarian Split Squat,"Bar,Dumbbells",Weight,Legs,"Hamstrings,Quads",erin_stern_demonstrates_bulgarian_split_squat.gif (https://v5.airtableusercontent.com/v3/u/33/33/1726855200000/nn9-alII__nO8rWa7fTwXw/KQQ8WOHOP2yTfu_a66SqIvigDSvI8Sbnpl62Wwwg4yrxN_QECjjorwWFFvLtfOVWPimmkMuxQ3O2f5bui9RZqSxynoq6lw0lJ3P9sAyxKrApfiaCjDtqKbl5zbaSzuhvulOWPISVbx06MC_PFGcKvw/zv4qkwVwCMPJgauA8efsEzk4upgcCGFerIzQJIKKJCs),Use Single 30LB Dumbbell or an Olympic Bar,
Burpee,"Body Weight,Bosu Ball",Plyo,Full Body,,Burpee.gif (https://v5.airtableusercontent.com/v3/u/33/33/1726855200000/DETF7c95yWVt7rS2FCFfLA/dRf9up1BKeQdjhk2Z8wlDYgG96VPY00dPhXTqRKL2ZINvibj50kbCWD0OADzTxRzdNfNLORZjypBTjdXfqHpnihau6jJBs5DIX6HdUyOT5c/xqSfmC8cqYdORqhrcOZdrwY3ml6iIgv_8uZspZIHN3c),"Option with half Bosu, Pushup Optional. Make sure you don't round your back","Easier: Don't Jump after, and break down motion squat, step legs back and no pushup
Harder: Speed"
Burpee Broad Jump,Body Weight,"Plyo,Laps",Full Body,,BurpeeBroadJump-1.gif (https://v5.airtableusercontent.com/v3/u/33/33/1726855200000/Lju8W8eZOK4On4WOhOHq7Q/M0dgEejS7eQq8OK5A0ulrrx_YSPl6KZgeLCmyGBxGKl8ndhEvyXRN7hh-a_6_qrNB70DLbGBunjzat3pIn8VjFhOxoyeSN1TbcQrTHG3paE/uSYtM2urYwYqe8s0ZBVv-AeQ8qzzKBUaGVMxaMiFymw),Do laps of these across the room if you have the space.,
Butt Kickers,Body Weight,Cardio,Legs,Glutes,1ef0b377-0b2e-47a0-9f1f-1e8ab3669923.gif (https://v5.airtableusercontent.com/v3/u/33/33/1726855200000/cNLaMdEb8kuzwQRXzJonfA/BBHUWJbGnDiH49hTsjm_9egyiS-8trfWSMMOz92l9XaAznPrnrONvoW83SwMCmvjI1i1ZUthyRbHK0YeqDcLsl3zKtKTdFnn8swFja31b-QeONELaolXTmy7vU-uIUlJ-swx6HM0int-ZtXp3AotfQ/eOqu6RdfW63QLv6CRrVQXWyJ5GaQ0BLp_xAM82zf-eY),"Do it like you mean it, or this exercise is a waste of time. ","Harder: Hold weights, move faster"
Calf Raise,"Dumbbells,Machine",Weight,Legs,Calves,Calf-Raises-Basic.jpg (https://v5.airtableusercontent.com/v3/u/33/33/1726855200000/8KA4FYgAmsf44iRVFlTILg/RBXG5ptZfobhFr8cF7HzS4PwSA7YbHPRYuhsTjxW5UJzaNU6FnYb5UN85paKYWIFhkdHHVP7SjxJwK5fA0ynUs6EuiTmnlZVgEB2Q8mZEiw/RhvWsV578dpnZfQ2QCgWeZRktTBEBcmwb1tEI1zIgtg),"Play around with foot placement, some gyms also have machines for this",
Chest Press,Dumbbells,Weight,Arms,Chest,Dumbbell-Floor-Press.gif (https://v5.airtableusercontent.com/v3/u/33/33/1726855200000/K5wD4Jg022T_L0gBLwu-xw/5oaBL6QHObCGCsfA6v4RfBtPunZFbDUDlG2WIVj7g626ZwuMcC-LSX6U9_9mc7R0T5nLcFRowzgQv0ie2YwHO1LUEbeUt_Afur47h9hbUpZB1qxOwisrPVPth9fo819h/m-qfq6nXBmsGq38JuiTdL3hu0BlNfdolXT8cgeQAytk),"You can do this lying on the ground, or on a bench top",
Close to Wide Grip Burnout,Dumbbells,Weight,Arms,Bicep,4.gif (https://v5.airtableusercontent.com/v3/u/33/33/1726855200000/EM96-hp4HUBxDnF8e64FMQ/IHs-T2F2YFUNZDAxtZ1YamkadoCG765aqHzsqSdPhtC5_WnZ8GhMgOUchIxWY1FnH7jc08M2dHWWybjsIANAFA/P1upDcWupnW1Lt9Nu261Rn2h4_MkOFtTuTYpi2Xc05M),,
Compass Jump,Body Weight,Cardio,Full Body,,3b38ff89-fc79-409e-b45e-ae6a47d1ca17.gif (https://v5.airtableusercontent.com/v3/u/33/33/1726855200000/tkcy4w1o61ZNmSm3j3btKw/AFMPjKrs7ZAyrTL9ltjlEJoHG7vX0JqQqFmrvYK3ZdaugPcN9vFyC3UcgoZkc2LQSTE3CLwBPh6QD0-47QPQpL3xTaQT_URdQvb9gOxylhO38ShIjsCxcUPt3tM0HXdzsW7ZwWHN7ge9fUhaI-85gQ/7v5CmvidakCmhyzfuS68KdLReoDabhJuJLFtpdXZMOA),These can also be done with both feet on the ground.,"Easier: Both feet on the ground, or stepping instead of jumping"
Crab Crawl,Body Weight,"Cardio,Laps",Full Body,,0d08fe37-5714-486b-a786-fea0f0cfbea7.gif (https://v5.airtableusercontent.com/v3/u/33/33/1726855200000/Z-94qr-FrI4tSn29khRaMQ/xTkyodqBls2yBYi5yb4a_beGxwrDvi0PxbQWXGXPOoIMZqvnGEShXRmcUtvVIrVtdRYNH2XTsuW40Rfl2hmtwxegiVrvZqP1-t77jTwdskF9YIFIRVhsBJfkkI5KwGTAY_ACz9YYtor4dxPi5b-ofA/HaUb-f5ZUfyUBx8GAdkFdpYy3xTMiXmcSaorBBQUcGE),,
Curtsey Lunges,"Dumbbells,Bar",Weight,Legs,Inner Thigh,curtsy_lunge_barbell.gif (https://v5.airtableusercontent.com/v3/u/33/33/1726855200000/SiRyK9bRkaXdjTIUYbp4yw/n4kgS72OXnBG9e5Cndqhc-zJeX_1YFEwjHceORthaU0np0XSK5uBdz2IzVHTbSYc02TukMM_M1lIe7_3zGb-IVd0O2piiQwCAVny7iCa_GMkNHQAvv3iDKFBy_IqUfcR/dc0foVIx99X7UmgW946aNSiHZ9KyHCCro9PzGKjlrJ8),,
Deficit Squat,Platform,Weight,Legs,Glutes,dumbell-squat-from-deficit-front-view.png (https://v5.airtableusercontent.com/v3/u/33/33/1726855200000/Hw8gOAVPMZhmfnx5IQtSRg/rBoRtmrkVrRbI45cTaLu3qVrjPOYvuk8q0XpSleVJnFwxDQPwLuhKP51R9i0dDADN3pGJQUk_ERmRHcW-FFluGTSukD_7MyLIiqNDOLXkDD-vLD7RkB4ZVN_R9kFA4z66gKy_jv5B-LG5q0Xubi5uw/bZcAE2biE4GDG8XqsZ_qCmTJKTOGbkb8MRqa8MhVO_I),,
Donkey Kick,"Dumbbells,Band,Body Weight",Weight,Legs,Glutes,"_KneelingGluteKickBackSelf2_1_10.gif (https://v5.airtableusercontent.com/v3/u/33/33/1726855200000/SMcEK72VvkDgO0fmH1FXBw/RXMsv63IG_t6KwH5k0_IbFrdlJ4XECSBgCDP9HUWZd8JW5-7PkYBvQDrkFz_89APK9P66U0uAjrlwGQjrvHiFuDwUlL28RGsD74qsEFMgQYjFg-ycN2XXqEW7fi7Nlcf/cZYKLxjxnC8defUzZs_w5PdvR3b_0gGeZ-ZhyrZQiOA),kickbacks_donkey_kicks_on_the_smith_machine_ifbb_bikini_pro_training_glutes.gif (https://v5.airtableusercontent.com/v3/u/33/33/1726855200000/IEzkFzF6QQGOzeHtvi0Nvg/4cUX2J_2w6iXaKlkpHZCqnwF4d9ZqVQbVtR2JV23lSxyqT5kHONymbNIBdhjRdTyvq1n4g13DS5f61KBe5VhJNSBzjwZ-SLXTt4waJKLBJs3fJKlah8t5F9XRviCCmluTM0-0sc7OC3ipQvwRm7RP4LoPicd4wxYUuxsdocruJIhhkgYavs1_jYNVvSG-Cq7/pE6-utX39yPwmbytgMucezFQeh_h1TNWXQChwFqDixI)",,"Easier: Don't use weights
Harder: Use heavy weights"
Fire Hydrant,"Band,Body Weight",Weight,Legs,"Glutes,Outer Thigh",Jen-Selters-Fire-Hydrant.gif (https://v5.airtableusercontent.com/v3/u/33/33/1726855200000/faWSHkddL_KVLHFtN4cMug/0Rob-9sfzy3RH0x4ytqPxiAFexZ1HGrfoqQcJCTLr5f4WeHWxAXTMZ7Q8zY4FHECYaOR_d4lpht6MurpK4mLLaL1IdvpsDLTem6jC5BGmfv2Tedh91wFFcTPU5s68Dxq/2krDOHSe0P8m_TUC56UxpQa3HuIW3HEW-IgCDNmLtOY),,Harder: Place a weight behind your kneecap
Flutter Kick,Body Weight,Weight,Core,,Flutter-Kicks.gif (https://v5.airtableusercontent.com/v3/u/33/33/1726855200000/gqMhghG4R0ZtgHog5RxxMA/tyP_-qUO-PPqdO9u2BwSRG0zKl1Ug4cbNVjYWR3MrkhAbtremUyBIjBTIbjjMGKin_RPwusEdEa3a4VHjBWsaHDbes4MrzGgALI1rNiKPwI/b1SK3qhkJ7CXu4oMbI9ZkUFvNAtB15PTQBCBl5WmC9U),Her neck looks like its undergoing some serious strain. Feel free to leave yours on the ground.,
Frogger,Body Weight,Plyo,Full Body,,831b594cc2767b2f_Frogger.gif (https://v5.airtableusercontent.com/v3/u/33/33/1726855200000/kCL89tYDAt3tyQ82hSmikQ/9pxFIQsFgNiqzCzzSIue0EDYeyPO3qO4A_OLdlp737sXCPZZKS6iKBgFZBeYNtyiLThTUkf0hPd3l4Ydi0sFpZr8kledh8T6l7szEhbgXZsTWhyvYstfbCopXFYdtMqK/d0BxHQWkQvAShQqL2XK3GgQA9cjqQGqtnSxGGrXADpk),,"Easier: Step Back instead of jumping back
Harder: Burpee"
Glute Bridge,"Band,Dumbbells",Weight,Legs,Glutes,a562d6f5-888c-4b4a-a274-f969c3a8557d.gif (https://v5.airtableusercontent.com/v3/u/33/33/1726855200000/SUCXnahNskLfLOuQNA44YQ/r6cu1hONWXIupULDfAWFFaZ9UJzeCZNf8jMVeDmUdIBRBdkWvFVDu2vIwTHfrSp3rBXofpUfCwSZZLYQeR1twYOgPIaz5GpBAUhZuqRxNseKfrZOtMTAnQKveiKfKznoqDsuxnmFyXdJD_KSv2fodw/15NMmEcSMr6peo5iHL96lYpR5K-6gkUMRrd8xo2O4Dg),"If using weights, place in hip crease",
Glute Bridge March,"Band,Platform",Weight,Legs,Hamstrings,7346ca6c-b218-4a33-8fc7-f522df243390.gif (https://v5.airtableusercontent.com/v3/u/33/33/1726855200000/BNruaWpRPmgTkhSckW7oEg/Ziwwny1jTp_hJfcvPzNJ9kiIbvz-ZqKsGR16wsL3vbTmHiXk0HMR7gb4yyDhB8NWrtFe2QMdWnj4V4iVbUEkyXXD70vEiZSo5Bz_zwpR1H1AvPLzOXFfmccLEfMO0hylZD5F9GiYG-Sa_NZO1wwLpg/_VbaYtzBa7j7p3ZcC0YiiV-vEIq3yA_NyB_nDhqpEjg),,
Goblet Squat,"Kettlebells,Dumbbells",Weight,Legs,"Glutes,Quads",depositphotos_127641230-stock-photo-kettlebell-goblet-squat.jpg (https://v5.airtableusercontent.com/v3/u/33/33/1726855200000/SOzkGGsA5QQQ42Ga7mWqLg/gXCg2egl2MN14QM8jxOdlkfgmQqPgTwTFyW9cVDB6t5QgnfeRHNVLNoczXRHKvgQ3gf6tV8hXcaIU6lQGCl2cCaRmlk_1AVVfTxa0FO77-tBj9lU4KXwusjLKXAr0W_4bYHhHBK1JZEwHcfy0d2aYrhUavhHw2OrMZECDfye_LE/Z4-QwIjwAOqVUlG7LGTEChB5UuVyJBi1hN2xOiVvH18),,
Halo,"Kettlebells,Dumbbells",Weight,Arms,"Shoulders,Tricep",ebe25b12-cc24-4b29-8d98-9566007ac4a8.gif (https://v5.airtableusercontent.com/v3/u/33/33/1726855200000/zH49PnzqAkmwZusLJP9D6w/JFxQl8QcUSIKMmTy1QM8Swc3swF1oRbGPUK-4uh00kCgMco6UqY_w5-aonWT42dkqswCq5RUOlxkm5P1kFZ3pITyDLeTXDHk_Rzd7IIAtof3YA-mu_BXCkjZ4sTwEmUdgbjCTgFg7_k3u4GLVqlktA/W3Vk0W0v1BV-2FJALs0PrhtdBxsN3vw2OF6Ksms82c0),,
Heart Pump,"Kettlebells,Dumbbells",Weight,Arms,"Bicep,Chest",eac68ec3-15dc-4a6a-806f-aa7572f394b0.gif (https://v5.airtableusercontent.com/v3/u/33/33/1726855200000/-Vch1Qc-208xh4ngrJD3wg/tpeS99nw73n4EJQwA_KXhGoMeBq6Ixvs6uyStsFv2B8cLZkCTjoA6OgVfFQxWD-TztbER16ulNAzp2X1cdytuooi5O-vSnMY0KCgDafXlXUuvga_ht4Zwc9wMizpFVms_H5uY7_2FEl-EADROxeQsg/LIlpQp2-m5PgOaapQlq9OjwSKYi0GEigG5u1yvhVXjY),,
High Knees,Body Weight,Cardio,Full Body,,highkneerun-1457044203.gif (https://v5.airtableusercontent.com/v3/u/33/33/1726855200000/Ta2GaOWCAFmZgHrzKsxqUg/7luHuOpFs3sWA3fshJ5_bhFQwguPLpRJUqyhKJLRC45s2b6upyf7RUchkOZEwsdOQ1l9QZ5Hgbw_8NQHElaqIF_T0MDul9BEnEXyHhS_nZwnJUqdI9tE4PqadYHfn8FE/ICbn6tXzs13mlhnuPfJx1mB2xUcKSJx7xEbFpUSsHIo),"My coach always says, your high knees tells a lot about your dedication. Do yours like the guy in the gif. Get your knees up or don't bother!","Easier: Running on the spot
Harder: Speed"
Jump Lunges,Body Weight,"Plyo,Cardio",Legs,"Glutes,Quads",6405bfbb-585f-45e8-8834-0c5145f546f6.gif (https://v5.airtableusercontent.com/v3/u/33/33/1726855200000/8WK7KXs1ZGiHx2OH3mrLaw/GuW_vhAt8M3AMXLzBUOgrgstpxm-pSIPHRXtFwjsDlcnOxW1TmzV6eatXwJzfDY9aFpVJDJUUlOsSOb9CHj9dtQ84pFTNpK8NvOt1kXdxjD-vlOM40v3oYF2W9wax3nAfMEoLB2xHEBqkT5YfZtqTQ/FuLP6HFxus33N94udgLzC1yU8fb_U2f9fPmqYJ-e4vk),,"Easier: Split Jump, so don't go all the way down into a lunge. Or alternate between regular lunges and lunge jumps"
Jump Rope,Body Weight,Cardio,Full Body,,Sprint-2.gif (https://v5.airtableusercontent.com/v3/u/33/33/1726855200000/xg7iuFs_XYVXIyKQSOr8Ig/dILMP31_6JxNz_zQtwbDAlxBTQaJlP9hleYOZXe353GBulUK0oVc_uDsUIUx-nRrl25CT_pS7t6JuhooGflxHauOYNDXQaISDm7EP2JLUaQ/q4q6tCBqTvpzt6hap_zkp28dS0nLaxfJXM487XfLEV0),,Harder: Single Leg
Jumping Jack Push Press,Medicine Ball,Plyo,Full Body,,workoutanniversarygif05570.gif (https://v5.airtableusercontent.com/v3/u/33/33/1726855200000/Q__MeulvRQvBgXVTV06o-w/YDW58MBSWfNXS37Qndx0EFh3ui5EDECzJNK9d2EKfDKpHYAktUqireVwGBkKLIeRwuWDSnFLSnadi0t--NY0m05It5FYVNL8nCRDSutgZGgGI8pRkacKzAIHZYhmScJq/wJsNXlU1EYVnh44QSZU4ojRj2lmST2vUy5XWv8urJac),,"Easier: Remove the weights, step out instead of jump"
Jumping Jacks,Body Weight,Cardio,Full Body,,jumping-jacks-gif-11.gif (https://v5.airtableusercontent.com/v3/u/33/33/1726855200000/77pgdRX2gDR4bPuPpCcY6Q/zPUPqTZJQqZE8Vs7hLVJJ5flltrzeMbXUfw3eRA6jkBxOwq65nbXJAp_HJMgRDjbwgenbui6CZvmR-YiLwXbBDur1cuX0AeaAPgBBzTqPwhfBluHBH0jF_wpAwsqEVZ1/Th5nj3KRvx82ELqacQVPT0XST5nEpxiHOGFl1SpVRZc),"Go faster than the gif lady. I chose her because she has good form, your hand should always touch at the top",Easier: Step out instead of jump
Kettlebell Swing,"Kettlebells,Dumbbells","Cardio,Weight",Full Body,,778789f4361994739ce59b8e597d00e7.gif (https://v5.airtableusercontent.com/v3/u/33/33/1726855200000/0V7GhLlaherin3IstlY6qw/CSGN9QR0GCOJvIwteQeZr4wkAiNJr6V75W6KwqqN0xrtDCC8fdtPhAKEoonExaHWNwKpk1dlDQwllQadbqeS2_8GZiDSXD1i46R3gNPY4160tiLiF99WF0LV-Edh_UgL/jcJEdbiuPysMDrxgc3O0yG9fCpCqzR_G3s0w-S-9dpE),"When I do these I usually keep my hand close to my body and let my hips ""push"" the movement. If you'd like to experiment, you can use a dumbbell instead
",
Knee Drive,Body Weight,Plyo,Full Body,,skipsgifsmall.gif (https://v5.airtableusercontent.com/v3/u/33/33/1726855200000/vtWA8clFOR7c7Lah0S68BA/shvb7WXF1E4arxBehqTWFizNwczTAtksdNCNGpq8DYeaW3h_iY4H-0AsnP3AkLwuT3DBKNduq52z-IIEK_yHK01yjGqT6Q4w4404gAHCuQw/ZLZ-4cLwFwAzNmGMrEObtViNGf97-m_NH2RBbmW50FM),,"Harder: Single-leg jump in the air after the knee drive, hold weights"
Lateral Band Walk,Band,"Cardio,Laps",Legs,Outer Thigh,_CrabWalkSelf2_1_2.gif (https://v5.airtableusercontent.com/v3/u/33/33/1726855200000/bb03FNII9CT79LOKBRB1ZA/VIpan3CELDOZGOKoK7vVYE8NaN4Mjx9BjhNS4DZ511vNdFnzwdggaIiNa8R0ULlbGEfdb8Z7-9AoJoy46uQQZywW1XYxuPaIrNfiNnHr-Uo/flEfZLloVkx7yByL4e8zNYypzBQyrrXh03kk4GzbJqU),,
Leg Pull Apart,Band,Weight,"Legs,Back",Outer Thigh,f240c036-c8d8-4d59-8a2b-941a438ea462.gif (https://v5.airtableusercontent.com/v3/u/33/33/1726855200000/w2Nfvu1BdBAB-F5DG2_7VQ/VSiBw-nE6Cayx71Fwibv-WNfWUOEXMctVPyN38qam79x6hLxN0LK1cvqHu77nl-v6yYZ6Pxuaj7FDuU_hP6-GfSPDiOJgDqMffXhoD9Olg2H4kdN3QkWXi_kIvDsbiOSxXzfWs3ZP2Ay47tIYVPrjQ/ebL77T1Qgcs4k-lKPOjKuOVu0YLUVZTmUcAzIMTY4bQ),,
Leg Raise,Body Weight,Weight,Core,,legraise.jpg (https://v5.airtableusercontent.com/v3/u/33/33/1726855200000/TYCa6LF2cCy1UxD2L-lxuQ/x1jBUO1rQ9640XfSQbEbhgDznjJWudUL1wLGQxDyhE6lLV03KTjGcdPwjqHZdAGCI-qqR7cRrJvHKaFqckWyInI8nscvEeIx9Uwt_V8cS7E/-PWElVjZDW0noTrJpvJu0SD7WpPkL2dcadEEMqh9FfU),Hold onto something heavy,
Literally Just Jumping,Body Weight,Plyo,Full Body,"Calves,Glutes",tenor.gif (https://v5.airtableusercontent.com/v3/u/33/33/1726855200000/KJt0FxaJGHke4bXGesLEiA/l99qXLSUkQjwDvHzGkPsOP9Gw5Obhf4RbsFxo1liwqGArhfFX_NiSPzzaIw_DjxiULhAw8sRbyoqaguRCTuR4lje6Pw1QOZZbaobTvDvkmA/PbOKFr7CCVb6uNnSN7M660_Swa07-Yi0MkfQ86fayHU),"No good gifs for this, keep core tight, minimize time on the ground and jump up and down.",
Lying Leg Raises,Body Weight,Weight,Core,,lying.gif (https://v5.airtableusercontent.com/v3/u/33/33/1726855200000/tNMlvQQZYIB99IDmI4kwjg/_pxqcQZ49MFAGr5WRdaA0KrNW3VNvXDbgMFbuuKwiptYoaZYp-TJ1rG8FGT_0yK9P9-RPmNzoAJxuNnef-ZY1WZ43_8VVOYxwCb5n66lG6g/Jlh8dfpkiceatTPPGbdB7xyrqY4LhLs5OwP9f6J25OY),,
Military Plank,Body Weight,Plyo,"Full Body,Arms",Shoulders,Military-Plank-Vicky.gif (https://v5.airtableusercontent.com/v3/u/33/33/1726855200000/GqIT2FrcbXgI_E7qh3iFzg/uWdY5pTKzurpIGqgv__4pma5F8WN4ebUYyqH9d515wd-xMzXY7PpqQ562ctavxDaCFNrOt-518Og4k36MPNJ9nYmvbMvzE0_GdEPDOtXxhApAfWVMz0NN1qpMRlgCoJF/dihbd1-iV5hN0gS_6f8hp_LYL_5qlE_UkMaa68mjN4M),,Easier: Do this from your knees
Monkey Jump,Body Weight,"Plyo,Cardio",Full Body,,d6367f97-0584-4895-b292-d7aeae1b3ad6.gif (https://v5.airtableusercontent.com/v3/u/33/33/1726855200000/h_jSjkPy7QscuDlnmOMwbw/IQEVsDsNdxFABWDEEawrAjk0_smjr2_fM3KC1O2cKhT6UXmVSvbVGyKHEmi7yH8B92cmL7RCSLrYADg96riNEx8HNR2w1eAPzLxEUOVWn3Nm1tS08Ii3wRRMzJvo0rG-TwOcvv_UnLiUNf79VOFe2A/xd5udKgIfhj0LLdJpAyTML87idSG-HLiBGYXOjWjJHk),,"Harder: Do a ""literally just jumping"" between your monkey jumps"
Mountain Climbers,"Body Weight,Bosu Ball",Cardio,"Core,Full Body",,"mountain-climbers-gif-3.gif (https://v5.airtableusercontent.com/v3/u/33/33/1726855200000/Ib46QdgzAJScB8yBzD-Y3Q/-ma0JC7tw3_cfYdsEzcpBFJpYICqkyvkvfvy6Ho7bWWMZI6ZObFAt2SmiLZWxn3lUNDAGqQvRElbzt5x63kFCkR8D8HWq2oSexJwXvVFoaB0G_7uMiVXsvxt7XYHe3FJ/2YNweLErC28wRM9zwxggh08SLHD5XpXAnnxbXyAAXdc),BOSU_Mountain_Climbers.gif (https://v5.airtableusercontent.com/v3/u/33/33/1726855200000/XGQZVQ0AZFBPbYbUqQqjOQ/s6rg4EFL31V-z9Opd22nVcpD-9fFUanx4Rb562Ywmd9JrRYLdr5QMhx1B5Lr4GFsOXB6HVDEvG4IRqFHY1QMqqZ7dY_Y7mmQCV1eUmpPq90cxl3LQbUda0NixV675WrQ/iE8r41nBAE86wSNFjh0Un4sn3RxmalO_VIbVVUIPev0)",,"Easier: Step in, instead of running your knees"
Plank,Body Weight,Weight,"Full Body,Core",Chest,plank.jpg (https://v5.airtableusercontent.com/v3/u/33/33/1726855200000/_xCmb0RxB3Hg28HimWbTng/TJPwbFcfro9LKdptpirOs6Bt8nXJGxdPx-h1fNqRweZKn8sxUN_di-O3KXo--zeD5Q9VTUUAqVHlNS1nM74VvdK6ws2sg4fAWiwl3ljxN84/5Wt4ZaYa7e2kcFtAA6UdMCf66xb7uGFspyghuPswIHc),,Easier: Go from your knees
Plank Jack,"Band,Body Weight",Cardio,"Full Body,Core",,3705bd36-6b31-42df-9dd1-8d4984b797dc.gif (https://v5.airtableusercontent.com/v3/u/33/33/1726855200000/Et5kFYPa5xqVv9cP3AZkUA/wGTWbyzgBfXNN7_WCpnzsiKtA5i19M1f3j4x75d6VuHAvsU4WdvxkxwTHxCRa-V31tUVzxl6EW_3FzBmoLaH539UHx-PXA_fVzvf5zIAo66QQNyvYDM4tWSZTcFZjz2S_ssKuVbP1rqIF-9njSYahA/FYLO97ZNAUT-25wLDrgkIX6TOz3hOSaSc8sWOPlcGVo),,"Easier: Step out, instead of jumping your knees"
Plank Row,Dumbbells,Weight,"Full Body,Back",,3d9683d8b8f09bb0863726633ae69910.gif (https://v5.airtableusercontent.com/v3/u/33/33/1726855200000/GiDGtjO34gjApghAAfq7QQ/Dd716skeCPw8eU6Ht80rZqPfkgAnn6WQWdasHm03wtotfANDbKFdwktsCR7L1I2iOggd-D7MoE6mgZdtHHfFO1MCpJAh6kXq8T66Nz8Qgz7-w_EDxGt8zkGu-3I6ecYK/R3T3NTUWSAFMQeQYkALcNVtGGS5R7KvgxUvQmn4C_tc),,
Pushup,Body Weight,Weight,Arms,Chest,GlossySkinnyDuckbillcat-max-1mb.gif (https://v5.airtableusercontent.com/v3/u/33/33/1726855200000/2imr2iAqxq02WY5oOoyvBw/5G4yIGVrJC8Lf6YkEcsJMBdZqYg0nH2PJhCBS9SIohovMdP6TuTOpaIzgd4mGnYHBfHbCMmafA7dUDnlAT9fTEHZ1DregodKy08ka0AocybD8F9SJ6sTPELt9Xa66yff/jDDbu37ZcWm0xkcAIMYPqr3DYbQIr6z3thMIoyJsqrg),"Can be done from knees, or legs. Arms parallel to your body like the dude in the gif.","Easier: Go from your knees, or standing against the wall"
Pushup Walk,Band,Weight,Arms,Chest,094028d3-bc38-481b-85c1-5c8dad17f12b.gif (https://v5.airtableusercontent.com/v3/u/33/33/1726855200000/aYI9OAB_cv_4HwZNEQuFdA/M7jVE9hMs538XyWZxD9Eav5fidqOud22fsWqd4fqtwKv9RI19WU-0ro0Y7HSEeTSOA34GVkIMBDgHbZrHyuInqm_CSxH9Tf3Aiqa1aYOg4h8NZU0niGCkaM4LICmjonE6QtNwIQ-ZXUAIuH4Ij2GgA/img_4uma_bjBBh77S7CB_wdMUDxXiJZGbC4KgBNNiWw),,
Reverse Crunches,Body Weight,Weight,Core,,reverse.gif (https://v5.airtableusercontent.com/v3/u/33/33/1726855200000/hLmKVcS02JcStsIExfwEzw/nOSdS8Atk34fQGoylLLxhRHEgz2FZw8shSX--uVSumcDZqZREJaGHitrOVUuWPyRiLNUx-vIWj6-8Lx1gT9gq__Vq0LYZIkvyiD2KvNl26w/Sx5WPLkbFGqLfUE269KIeqbjxKWNGdE1yf0NE0Ox2rk),,
Row,"Bar,Dumbbells,Landmine",Weight,Back,,78eb6279-95b9-4269-a337-c2c0ca3b78d3.gif (https://v5.airtableusercontent.com/v3/u/33/33/1726855200000/ql2UNwBBdM7rqTYnTCKpzw/WsdRA2t3NFf6MNgka8KaGW2tY7RzWYFKSwiv9MnFCU3e9Fu_EZII_VR5oiBGuGfs_tn80oua6D9v_zfaGum2hzutadFx-MjukOtrSDRthG2u4AKYeGhT3f995Rxbmc8jn80R3DKX4xscVG5Lfg6-PA/hea41G-dJ7x_f5NEcSc6SMVgo61dku60UJ37q_3tzIk),Bar + 15LB,
Russian Twist,"Kettlebells,Dumbbells",Weight,Core,,26c0501d-0254-4bc7-9b79-47b004393d4d.gif (https://v5.airtableusercontent.com/v3/u/33/33/1726855200000/q2KiquR_FMI1Rns-7dLNTw/6SGLr_DaLyEORA1Mvpy-019-5IehF2PQ_9ZYTFW7B7Nx-g92ThJ5knPrnBslKJ1-k00Urm_xaANWgNB8Q5rvM3PK0uR3uS68a1hegZJC2zKUpUhWGLrSlqUUSvlO20MEsoSqVND8lVAj793BSRcr7A/qxY42Fwxl5gnisQjbGErYB8OVWiDvtuwYyr-mKCxrq4),,
Seal Jacks,Body Weight,Cardio,Full Body,,Seal-Jacks.gif (https://v5.airtableusercontent.com/v3/u/33/33/1726855200000/uI3r2o8Bde_qJSHEDmLGbQ/KxkjPQJXexOTEAl_-uUsIxwe47fvthY-ImdFCvNzXFy1_iYoctEAxBzp41wH8um2KCW33lkZ2V5ViCFdqQjmO31_PhhtuCcMFD4TD01D-UU/jseKA498YDDnqEzFE2FozoivOGl9JVCb94SG0GFw76k),Clap your hands and dance around while you do these. Makes life more fun.,
Shoulder Press,"Bar,Dumbbells",Weight,Arms,Shoulders,03478637-60f5-49f1-95b3-593fead73610.gif (https://v5.airtableusercontent.com/v3/u/33/33/1726855200000/yh3v4J1NPqm5IY9cZlb88w/6DVgugnlM7vEnhon_SoYM5Da3_vRG4hRC_m1RsUKHpo5nquafl4DXmIEwr0sqUHa9oJMvWYFSp9T23IOF1BHXwNnfqgHvvMXnx0V-c6dpuohYGKptMpKM4hld3RKv9yxHtNfVw9_PnjK8X0ym1J3ig/5oEgg9E9CbIqL9xI7CBVZKtEsABffiBkDIrk4KTmBg4),Bar + 5LB,
Side Arm / Lateral Raise,Dumbbells,Weight,Arms,Lats,12abf096-2edb-4062-8468-17e2951c14fe.gif (https://v5.airtableusercontent.com/v3/u/33/33/1726855200000/Vvc94FIT-P4ohoGSN0pQ4g/gbUz0JMsvHU7fM6Ey3qJJ-UI0OMD8AVgvPmhtcp__nyQzsq93vlJIVzAD1hRf5DMdRLuSvj_iS9lB8ggkuOsEzPmIy5jfkd2IJbIe3XSPqvwyRIAtLIbKmNYFujklYHoOyfMl7vwHgrrp_ApXbuB5g/THxn-xjX0fnRRuoLDSDFE31xC8Q9v2WwP4H3PKkaS80),,
Side Lunge,"Body Weight,Dumbbells",Weight,Legs,Outer Thigh,lungeside.gif (https://v5.airtableusercontent.com/v3/u/33/33/1726855200000/m3cvDmNCPN7YFJp_fmedqQ/EHbVyYEAnT3XHDanBnjv8UY89Wjj5WqOv82S0Q6TWV71fRDaOJW9QeoeZBkCzB-l1U1fC7lzI1zisfZy9-V3VO7mUvZq4V2k_SlTIpXJBLE/UgnWQpFovoyAAO_T9bHo5CeEinYGdMAg23w8203N4nU),,Easier: no weights
Side Plank,Body Weight,Weight,"Full Body,Core",Oblique,_main2_sideplank.jpg (https://v5.airtableusercontent.com/v3/u/33/33/1726855200000/nhcrWcBNG-sS6ST8Qt7Hgg/ak7W5fagEyjqq4DwSuWJ4_IJPTyKLyaHfzeG-1Yx9rCC4PRj6p9z0MQMm7rnP41mJorwgeV1ZSRDJcsbt1pToItFHnljTYE4EGLu0V1TcgM/a8xje6uFLSyMsYDKYqc_ja6z6L_WtBG-gEKJZtxI83s),,Easier: do the movement from your knees
Side Plank Dips,Body Weight,Weight,Core,Oblique,Side-Plank-Hip-Dips.gif (https://v5.airtableusercontent.com/v3/u/33/33/1726855200000/8Plh6yLDVSEjUK9fwp8Ffw/349QDGElf8--qyaP4_rvnglVTR8Fvwd28bmub1vh6C2qS0qwKNo7dvTneiwgQk1647OocCHkV6ZZJyEi4G1ayEvmDbuIXQ5RaJKLOwaRRPAWKjvKKyXN0Zhy4s12sUzo/9ffDeGAkRbpglSeFnidZYH9hn6yy4FACnBzKk-2tFOE),,Easier: do the movement from your knees
Side Plank with Leg Lift,"Band,Body Weight",Weight,Core,Oblique,75dcba8e-f0af-48c0-a6e8-c477b738911e.gif (https://v5.airtableusercontent.com/v3/u/33/33/1726855200000/XJfNQf6D7mfmWNy0G6FnzQ/r_jBi5Bvmk1y1SW62G1Xt3qif6trC8slia6Bxe_g9EDQXYKlGiAkPSGr_get2JQcYsqEQOO9_IJ-b9bJ43C256ZUrj3Qu06408MsDgW-5XRVhhFElbsFDIsMIRuSaavYmXfoH32oZrm_JvTTlj1g1Q/gW9nTAMrX147sIZh6X4hZqabbqGgK2PIkpr6oLccLSk),,Easier: do the movement from your knees
Single Arm Clean and Press ,"Kettlebells,Dumbbells",Weight,"Full Body,Arms",Shoulders,KettleBellCleanPress.gif (https://v5.airtableusercontent.com/v3/u/33/33/1726855200000/a8eQm9F539omCNCqFP5x2g/EYF3kL2VkzG93j_TnQFDQVcwZlzrN0HqRxlE_0Ao5pinf5G_L8eqAASITe8kb1YbPhibnpLONjgqpo8Iyiew6tp8v2klvTO51VgwNf2YBFLIKKdFQih8SMWmvO1uNvRN/9lPx4elgaw2tlglqon1mff7iKzoO42gIKikORjVfNvo),Currently using 25LB,
Single Leg Hip Bridge,"Body Weight,Dumbbells,Bosu Ball",Weight,Legs,Hamstrings,Hip-Thrust.gif (https://v5.airtableusercontent.com/v3/u/33/33/1726855200000/0AexKpsdNDRWRLCcf9eFeg/mDyscmgzkTIJ2FHqjcI2DBMdFM57JgmVsL-zbbxBr9ro-0LUU7soXsXkvE2GlkX0Hzbix7ZnmBlBQIZl0j9IpOxYc9zmQSlrkM980LKtkok/ikrulP_9QVJeJT9zyhTUxmZFtYveKX9oUkXW01PGo_w),You're wasting your time on this if you're not actually thinking about squeezing your glutes with each movement. You really need to be focused to do this.,Easier: remove the ball and do this movement from the floor.
Single Leg Squat,Body Weight,Weight,Legs,"Glutes,Quads",c7c4a48e-8a32-4f5e-aacf-bf152712e71a.gif (https://v5.airtableusercontent.com/v3/u/33/33/1726855200000/yUb3NmhIz7OlKleCrZHblQ/yMWrwheHkauYWgUIyMqUYrGgTu-7-12Dg70ofc_n0uLIyUVEZp3P_Dcpq43HXTiuM7VTG0ucIFzyat-I7GqNq0_WPSCf66_C5zSsdoZf3SI6n1QTrFUwHU92ojTTnpZyPQ1OFOGWgDOb2_2BKr2LFg/RcAEB1XrTPve8Etj11XSD-FDDqXXmvZ3DfDWxOMQm1A),,
Situp and Throw,Medicine Ball,Weight,Core,,30-best-ab-exercises-situp-and-throw.jpg (https://v5.airtableusercontent.com/v3/u/33/33/1726855200000/kjt4AIxRPZ-WG2NCHPyQIw/jLDZY7Fyw_LHOWkWRazoiNNo0v4BnEDCDIKTHRoe2nNruHAHR1APcS9wm0uG5w_bGWFsZ6dsiHMEMW20ShvIB2938lAOimlOvlmeAj9UkRHFhBPhzF0pMO_r_GWoykkW1ed984D0CHrbWBXBnowPsA/Uc2oFZ2gP0DG60KmH4Yw6vOKf-Xvh71c6ntez792vZY),,
Skaters,Body Weight,Cardio,Legs,Outer Thigh,cca03f06-da6a-4d09-9718-b6e595fb2b96.gif (https://v5.airtableusercontent.com/v3/u/33/33/1726855200000/g7fzhVH2NGIgwwr8mKBa_Q/wpKCvr7RVXKlfNe-1EbXt8K63c7xWO8HOd20AguydwOuADzx2PmtPwEqL_Hi8AGgdnvAbmq9GqWaxt5NdbJACp2rz8_PGVCaG3-xaZu8nwrwr0qWt2yqPCu_KO0tNZIarIEcTlHFrSdO0YpAJDa7EQ/L79WYen3bYGEM1CQRDhnvHL19PzjFv9vIRncd_YsWUA),Lady in the gif isn't giving it 100% make sure to touch the ground between reps,"Easier: remove the jump
Harder: Hold Weights"
Skipping,Body Weight,"Cardio,Laps",Full Body,,4ee3d030-05d7-4961-86a6-bcdc727ec8e9.gif (https://v5.airtableusercontent.com/v3/u/33/33/1726855200000/CmE5oCo1F7jlDrDMXsWu_Q/rY6Jti6meQu8UAAy1ZojW2ZigE8eW_D6YLVsqdqGVlUlgnIclkkO9vslb-TXu4SGCmdrs0ASrXgqJkg7SNsfwGBn-rbPHnPjr6kFRNKO3CZdLONlLxNlCJt5GcxRlBRTEQ2DP57m966EQgvz9GHdPw/QehpdmsbguIPZWRYH5nyzCKpAnI0DbuY2wFQycBKgjk),,
Skull Crusher,"Dumbbells,Bar",Weight,Arms,Tricep,14.gif (https://v5.airtableusercontent.com/v3/u/33/33/1726855200000/cYkGIeuaXM4A0VTrpLzcGw/CzZcbdJy3YSz2sUm4PH4sCBWKHq9QwL5BCD2cupFVxArJYiqhBcOTyPWLjzutt-2lEPIfAdj1ma2-XblzFqyUw/Y1rF4yIMqTbuW8KMLtqQYgqb-s0p1_iWHmMTKqPFoVk),,
Spiderman Pushup,Body Weight,Weight,"Arms,Core","Chest,Oblique",0dd5e852-dd90-4f1e-a570-c20dca7c72cf.gif (https://v5.airtableusercontent.com/v3/u/33/33/1726855200000/qb6lSuvZcXG9XSFK-GTckg/8t0KbHoTRfSruwR1oeTOEsZPpOyyt3YfSZCIHnNOofoKbCZEq7FOXzX8loG3WdcMpTQJNW42iK8Dq7aiSq19dfVeyy1Y3glTcxxu8S6Ko8Ce4PirjY3DdvkqLsJFL7o0C7Waq0mpWynemYmigXxhdw/NaLWsuGDejqbExTAN11by-kVVfvkSl1cXi9mhhd-TAE),,"Easier: do a pushup from your knees, and then the spiderman movement"
Squat,"Bar,Dumbbells,Body Weight,Squat Rack,Band",Weight,Legs,"Quads,Glutes",barbell-squat.gif (https://v5.airtableusercontent.com/v3/u/33/33/1726855200000/C9bFjb1DKn96vvCsaGcJhQ/Jdax_T9wzZYMCmm6AgHNN6XIIPFrrQM1C96Ik1TwHOITCzyOGc-G5ZxRWwD9JgmhrTN9XM6G1uTWIIpWjYcG1SVi2z_PdlLYegVPL98aCNw/ZnGfRQM3xM_xI7eTRiMGHHw3ewOGDukqZI1Y0I4Cml0),Bar + 45LB,Easier: air squat
Squat Jump,Body Weight,"Plyo,Cardio",Legs,Quads,5a1e902f-42e7-4b38-b3c5-af3cb2cbbf0c.gif (https://v5.airtableusercontent.com/v3/u/33/33/1726855200000/-kUl7AZ5cgMjlHvZ7O2SEA/bIBuFPZZ2bw6igM0s7qbg3VBIFism6VDVAAn_-0BaM9zoc8mialSwZEfrnnSw4988XzKdNjoOfyLl3Angi--bTxYV7ppxcCmPAkbjAsiAN-jOt7sH_Wtx6FmRvQ4Dn81mwGKiRil3TwJnYflydTnnA/H4LooR09VxKAqy-07MkEepmQ5YBtS-A_LsvVmpeWTcA),You can do these for height (plyo) or speed (cardio) and to switch them up sometimes do them with your arms clasped at the front so it's a leg-only exercise,"Easier: Just do an air squat, or alternate squat and squat jump"
Squat Jumps 180,Body Weight,Plyo,Full Body,,0145ce919124c8a3_SquatJump180Small.gif (https://v5.airtableusercontent.com/v3/u/33/33/1726855200000/38sL0IfNOqKVip_OAMGfrw/LMzPrykXbsLo7zKmeF595pzaT-qS3EoQ5iEHsFwavUyIVH0V8XdvgPdrIqYbYeeQq2nZX9Q84NCWr0YlbnDWZPqnrj9sOMHItyyU1AR73fLozRMINuzkUg-8PTUNsJAn/cd3f2UgXByYR7Fx7RuxwjchiAT6x3WUcTyx-v1IEkQg),Turn body 180 while doing squat jump,
Squat to Lateral Leg Lift,Band,Weight,Legs,"Quads,Outer Thigh",_SquatLateralLegLiftSelf2_1_3.gif (https://v5.airtableusercontent.com/v3/u/33/33/1726855200000/Ggu3OIpjhZ-oooJHc6s85Q/io0b2zqTZtX-PNjMdva0gOTiZdgvF_cQHgH9ilo0_bZYPpSnWLD_o4LuBwRFS0fIJa1sRohEWbsJK4Vczr577GgRUPKeCbr7ZNnFoHBOsnOiSuGFw4KX0wvABqkVcEmW/OUfTA2DUTC2nIA8AvUk3wrh1bYG7qDV5_e_PKJpWzuU),,
Standing Glute Kickbaks,Band,Weight,Legs,Glutes,_StandingGluteKickBackSelf2_1_4.gif (https://v5.airtableusercontent.com/v3/u/33/33/1726855200000/VZPh6rwUKIcopb-sYohzFQ/N2nFD-JXbcLn7LdJGL9YtOcDrWL1pNhfHunoBwjqR9jYnD-zvrERRwRgCl86X03ZWjOf6nSsHG8_Hl7jj1RG66Vlg6uTuYEGB_80yWkoabKiJzsz-91Zg-cR_0tDWeIj/F2NDoWTtb3llpI7B0Zk3kWHt4yrHXuR1Cuuv8sOdXjQ),,Easier: do this without the band. Use an
Standing Leg Lift,"Cable,Band",Weight,Legs,"Inner Thigh,Outer Thigh,Glutes","standing abduction.jpg (https://v5.airtableusercontent.com/v3/u/33/33/1726855200000/DNu4qKT-oJgxUmlyJkWYcw/xElbtWMxYamDpgnWSLfIPv2hJFGSXoXZcLsK_GJcR4HBC1z4wxKEL2izOJ62vES-MYWNWP5uuzVz5AYqnoZksHYJofekCSAxAl7J79RCNVE/VFK0vOkbhqq90ijvrat5OGK0k4f0tFNUBzk28fvKJrc),Athletic-woman-doing-side-kick-resistance-band-exercise-1024x954.jpg (https://v5.airtableusercontent.com/v3/u/33/33/1726855200000/8QzLPLfvuKo3ZDOJkawohA/cGJ2b0SZezDNFaq2eaJr61n3wUqKxHBEVXtzbW6ObnuXux451V0cetJD7WrHHt9VVcv_QBmaiROGLl7NO8Gov0AlLZ_BTAK6B8fpDKCWH4PGkhsf8SY4uE-pOl4xepxk45dpxs5uJm-XZB049vzhn4eVAtaOHukYJ7Nh-_Et9gk/GgI7FvG0VXjgAabkyUAuP-PcJIU0p2AM-GmKtkVjKTA)",,
Standing Oblique Crunch,Dumbbells,Weight,Core,Oblique,Standing-Oblique-Crunches.gif (https://v5.airtableusercontent.com/v3/u/33/33/1726855200000/GWMmEvQQH6YFvAQ6HQMymA/ULP1918iuNt4BmwOkCxS-VYnLgBhnDdCZ5mX_zRFc6nJCl4U5vKJZ4jWMzGoXhRIrV0Ts2HL4fOXbIUlwvLEzxQWtYgPR1miM8sfC7pONrrmeGXNdlYDJMj2tMviX4wD/qQYZlAjqI9_ErN4XsJB_QyWONsF_nYtGRVBrpx-uoss),20LB Weight Minimum,
Star Jump,Body Weight,Plyo,Full Body,,workoutanniversarygif06570.gif (https://v5.airtableusercontent.com/v3/u/33/33/1726855200000/ZmSYvjNNyxAnosV1ONZeKw/U7Qohy6BgEpv4R20FR6NZyc5g4RfdxEKm2rOnSuju919T2Hv8d0ahzFZQv5be6ExEs9Oa1J7FBmOdhh1IVFzmSOenYWuiXa0MW0eR4d5wRwC6zisiIHS0ChLkfuqSNFh/O8PN47RrR2fjPaRr-GDmQ8GucJiAfg-gqPMiRjvKANk),,
Step Up Lunges,"Platform,Dumbbells",Plyo,Legs,Glutes,dumbbell-step-up.gif (https://v5.airtableusercontent.com/v3/u/33/33/1726855200000/8oxfvCAlbHaLZVBHqio2Aw/aRuwoipW4y9456EAPEVzuMtlMYK4ARDSvmpdZe3WROv3PW1-RjByNKTvvKw-GOIqWc_mVTDQwKpUxpwaeJypq7H69moMyQU0pqDVzw87sbM/nodeJAgr5BZbBvblzAbjZPFk-fXNxPDxr7oMLSDVRHA),,"Easier: Don't hold weights
Harder: Add a burpee, you can always add a burpee"
Step-Back Lunge,"Bar,Body Weight,Dumbbells,Squat Rack",Weight,Legs,Glutes,bikini_prep_full_glute_training_routine_quest_cake_recipe_training_vlog.gif (https://v5.airtableusercontent.com/v3/u/33/33/1726855200000/fQ16-PR5_2UEOJdJc5qVWQ/nwTv7Q_qiGCNOsvCk6EQnYSU8KfTEq8FklevNp93XXs32wY7g4rlilc_Du7E7D_AwmwPNKFail0dAlQmeJ4Kw1PC9pcnMvdNnDW8Tyvwqlhi3fIYV09wEdwP21XYJZI9oAiaoN3MBKz1P-Uygv-Ie0FWnDw6k0RVDMM1jhsOH82QN3-wbQoJbOOqXQoAlpcO/ZqeBddNswKcKQGYj1YdSBOH7hy2EoixBLhy-Vam4_o4),,
Straightup Situp,Dumbbells,Weight,Core,,30-best-ab-exercises-straight-leg-barbell-situp.jpg (https://v5.airtableusercontent.com/v3/u/33/33/1726855200000/fCMvdv4w27X6WhPMJAC6pA/VxMLxbZUCT5-p5P2QKwnF_iErs8wDvAlugzFz74lk-UXPkIEsL-quv0RHLW0n1TtBQZFaWb7mFdcwhQkfvd859O1-XEfWMsOyX_rwsmLB0IkLKOZJWEXZ08pK0eKYWRq-0o1ODpfNaryN5h4DGD7Nw/YWlJw1pn_QseGRwQNa4jQgMSffZX5lxkTZ5iqdWIeqI),,
Sumo Squat,"Bar,Dumbbells,Body Weight",Weight,Legs,"Inner Thigh,Outer Thigh",a7a48b0ff2d2b6b10e086290b1fede92.gif (https://v5.airtableusercontent.com/v3/u/33/33/1726855200000/c1vLE-Q-ZE9JgyQHYLzx_g/6wCUUEv15yY58BqJTIkXEOwCLa2Ext-G803aB31PoBI8tMs0WdH7kbEo1I99tWyS0QbaLl5FBZ_ZYpLxc9qabLrLGaJYn0Uc8Rev9SFQITCXfBOTX7eJN7jzRf_nqLvv/PJGBIaWVOeApYnwwHfXHivRWhMymuynEmxB5lpOvf9Q),Bar + 35LB. You want your legs to be just wide enough that your knees still track over your toes,
Superman,Body Weight,Weight,Back,,13a573f1_Superman.jpg (https://v5.airtableusercontent.com/v3/u/33/33/1726855200000/CIXUU4f8eHz_2SK8tA67Ug/YivCYQMW1GHPNE8zaOpFcja19FtIytg61hkp8DGSOjAokJXq7m81mzFA9okT88ll4Ne-nQhsiKR4PCv9-N9tLx-vWKV_yy7imHk5m_E9Yw4/MN6Q8zyfLQAiTqvhKPHskNWV0xInuntio1EqsrVkOHE),,"Easier: alternate lifting. Lift your arms from the ground first, then your legs from the ground."
Touchdown,Body Weight,Plyo,Full Body,,WtFJBce.gif (https://v5.airtableusercontent.com/v3/u/33/33/1726855200000/_JV4cEeE3NKCPWFu4KO8Fg/gts5BQWeBxfy01_B4q9hbu2qwLrCp2-RJ9BW_puM35iAQpQaRZs5-nE5Au84BT9cDfebPDiecDtUB6Xsbs04ho7rXZovLOKxbBuW0YGd_tM/3pbaW808rSR9_Q2cj4Bdc1D3R8IJjn8AVcSXhZZv--o),,
Tricep Dip,Body Weight,Weight,Arms,Tricep,Tricep-Dip-on-Bench-g.gif (https://v5.airtableusercontent.com/v3/u/33/33/1726855200000/nSGjGoqCNvuDggY5n4yWWg/lWgNcrrZ5m2cdX5nLGlRgVfgYhsMondMwsEdkIIelRvOOaaFqnzTVux7ZLqAInvZV1OhYPhVXKu0j2X631Kv6EKM9ISLLm6n28xYwe7ggGHwnRHlXRx0k7Ytv0R-accW/kin7GIQP_CxH3GWBy2rZd5GTTbN8xVKK-Rmn__Hw6hQ),Find a chair or platform you can lean on.,"Easier: Legs bent closer to body
Harder: Legs straight farther from body"
Tricep Kick-Back,Dumbbells,Weight,Arms,Tricep,Triceps-Kickback.jpg (https://v5.airtableusercontent.com/v3/u/33/33/1726855200000/8LmTtoVnj8WZ-C4ZTzTyuA/nKAo9ootZ3hxTweJ1jA7dTKXJ-oGo3R6MDGFTg58ORSG748toBqdKrcq36jvXQmPaxvkPY47MALnAYRQdr5BTyr4twlXv95QhxrG_qxOeso/q_dmQj10Yss2Ldk7EI_QpgGbMZF2uhHLSDfJ9HAjmsA),,
Tricep Overhead Press,Dumbbells,Weight,Arms,Tricep,5.gif (https://v5.airtableusercontent.com/v3/u/33/33/1726855200000/1U-DN7YOTMj0cn-0w66azA/Kbwb6Y5wux1Qm07uwG2kjvgLNVzBfB1S4GGm1L3oKNVi-b_oOuKuZUG5A0m6-GwF7IgAlDBLF5Hntb4C_A-3uQ/GJuR5JMSqtRASFkPjyVrE-QIKygAvIWkmmcRuYJUHcg),,
Tuck Jump,Body Weight,Plyo,Full Body,,Tuck-Jumps.gif (https://v5.airtableusercontent.com/v3/u/33/33/1726855200000/Uv1-REC4_5GYev_nF1_Cfg/q2JV7N0VUvQUfhKXZ7sU_OrSWFdYKBn4i_U_PLN4XIe6U_VCjXOEXCT9irQAgkSvqZtGRcWaaGnaEpMSoZdYQ0wKRpwRtOn0rw3zlpmxyHs/uAZ8jnCi9PbPAqzIFBBGamP4_naBjRPRaMWQHp6J0xE),,
Twisted Mountain Climbers,"Body Weight,Bosu Ball",Cardio,"Full Body,Core",Oblique,mountain-climbers-gif-3.gif (https://v5.airtableusercontent.com/v3/u/33/33/1726855200000/O36KcYqJUTTZKSOwVoZFOA/sL93_qhlUB_jInxmUX0SYnTfs0ffQJYCNmNxJQ6kC_me_RuR4dPwMqtyTYvy91fzO41Ai5cnsKXi2HuLwfQlykRw2S_iaOP6VKsCu6YUTDyPOgtQyZu5EPvpv2xpVhQP/akW5RRLl8ZJqYBmKi1v2htyGyZZTofhiD-LEw3JODCo),,
Wall Ball,Medicine Ball,Cardio,Full Body,,WallBallToss.gif (https://v5.airtableusercontent.com/v3/u/33/33/1726855200000/pMX8ABbQAY6UeX4AuVRtmA/3VnZGzCZv9Jnmts2qWLO6Gwpla-7j2s9IHjIKQRUSMJYDcqupMxeXNsQlBbMCEfObQM_hjlMhZAXQ9LwhCakJF-ibZgXbcQEilPL-5baEJY/f0eMkiCg0z3u1wJma-qVmd5-81u76Afm-RIRHwJosIU),"Toss the Medicine Ball in the air, or against a solid wall (concrete or brick) if available.","Easier: use a non-weighted football, basketball etc."
Weighted Jumping Jacks,Dumbbells,Cardio,Full Body,,eec0a59a6eacdc9cfd19a13290516684.jpg (https://v5.airtableusercontent.com/v3/u/33/33/1726855200000/JCScAZxv5phgpzOP-WGxoA/lEpjsAlcwh9fWhANyUn7GBpFNHBsDKvaSJWiLcu5Idj0ykxK1qEXcW59jNy7nLmg-DjJX7VqCIFwaAc6INEX3xUgQM6_Sfo_08CgtYA_8O1TPp24OEJNG97C2WttrLl7/_HmPRjID4bjpZOYD5kOxunGnXAkwDgmAC0_pMxzwr_Y),,Easier: Step out instead of jumping
Weighted Punches,Dumbbells,Cardio,Core,,cross-punch-exercise-illustration.gif (https://v5.airtableusercontent.com/v3/u/33/33/1726855200000/JO8oJlNEPHI-FCikDdCn_A/PFb_o6_p_R-6LDL4Y_H5FOLuPXU2OypBY2zNYr3j0tcqRvZ50yDBv6f084yweAedDrSdR5wT6peHDQ-qrCFCyCHuEyw_mR3otLXRxg9_BkPKitPV4LG8kqcV_Oe01L-8/w6peFwOAnVmCE-JZx80Q2b5SwxPr1vm1nNrhTyp31ew),,Easier: Punch without weights
Deadbug,Body Weight,Weight,Core,,exAX6p.gif (https://v5.airtableusercontent.com/v3/u/33/33/1726855200000/0kGcaKDNpvgh5K2xDPu-PA/yub2qnb2Ps9IpLPqr9hOKSLHLF3hY2CTsJEAd5ZjaNQ0mExBMUxUv7GNtYtJNxuJTGKxbQYOp1pwQFjbeiHaKov-PcJM3cjNaS67m-SlF5A/hQe56f5fC2s3CE7dlBbyST3cQ8EoCxMELeXJoPQPrzI),Really good if you have lower back pain and want to do an ab workout,